"id","query","name","type","address","adname","location","pname","cityname","tel","source"
"B01C90LNSB","加格达奇林场","加格达奇林业局白桦林场","公司企业;农林牧渔基地;其它农林牧渔基地","加格达奇林业局","加格达奇区","124.202470,50.233703","黑龙江省","大兴安岭地区","","amap_place_text"
"B01C90LNSB","加格达奇林业局","加格达奇林业局白桦林场","公司企业;农林牧渔基地;其它农林牧渔基地","加格达奇林业局","加格达奇区","124.202470,50.233703","黑龙江省","大兴安岭地区","","amap_place_text"
"B01C90LPEX","加格达奇林业局","加格达奇林业局","政府机构及社会团体;政府机关;区县级政府及事业单位","晨光街","加格达奇区","124.130594,50.415803","黑龙江省","大兴安岭地区","","amap_place_text"
"B01C90LX3V","加格达奇林业局","加格达奇区政府红旗街道办事处","政府机构及社会团体;政府机关;乡镇级政府及事业单位","林业加油站东侧","加格达奇区","124.124908,50.429592","黑龙江省","大兴安岭地区","","amap_place_text"
"B01D600CWH","海拉尔林业局","哈尔滨铁路林业管理局海拉尔分局","政府机构及社会团体;政府机关;区县级政府及事业单位","海拉尔铁路靠山街190号海拉尔铁路分局林业管理所附近","海拉尔区","119.725875,49.229555","内蒙古自治区","呼伦贝尔市","","amap_place_text"
"B01D600GIY","根河林业局","内蒙古自治区根河森林公安局","政府机构及社会团体;公检法机构;公安警察","河东街道林海路(根河大酒店对面)","根河市","121.536203,50.783782","内蒙古自治区","呼伦贝尔市","","amap_place_text"
"B01D600H1A","根河林业局","内蒙古根河林业局森林调查设计大队","政府机构及社会团体;政府机关;区县级政府及事业单位","中央路与新开街交叉口西80米","根河市","121.542699,50.781215","内蒙古自治区","呼伦贝尔市","","amap_place_text"
"B01D600H46","阿里河林场","内蒙古阿里河森林公安局","政府机构及社会团体;公检法机构;公安警察","龙华路与文化街交叉口东南60米","鄂伦春自治旗","123.730948,50.587708","内蒙古自治区","呼伦贝尔市","","amap_place_text"
"B01D600H46","阿里河林业局","内蒙古阿里河森林公安局","政府机构及社会团体;公检法机构;公安警察","龙华路与文化街交叉口东南60米","鄂伦春自治旗","123.730948,50.587708","内蒙古自治区","呼伦贝尔市","","amap_place_text"
"B01D600H7R","阿里河林场","阿里河林业局","政府机构及社会团体;政府机关;乡镇级政府及事业单位","中央路264号附近","鄂伦春自治旗","123.724613,50.599909","内蒙古自治区","呼伦贝尔市","","amap_place_text"
"B01D600H7R","阿里河林业局","阿里河林业局","政府机构及社会团体;政府机关;乡镇级政府及事业单位","中央路264号附近","鄂伦春自治旗","123.724613,50.599909","内蒙古自治区","呼伦贝尔市","","amap_place_text"
"B01D600H80","阿里河林业局","拓跋鲜卑历史文化园","风景名胜;风景名胜;风景名胜","阿里河镇西北9公里","鄂伦春自治旗","123.667442,50.618581","内蒙古自治区","呼伦贝尔市","0470-2398888","amap_place_text"
"B01D600HJR","阿里河林场","阿里河林业宾馆","住宿服务;宾馆酒店;宾馆酒店","阿里河镇中央街39号","鄂伦春自治旗","123.730133,50.583565","内蒙古自治区","呼伦贝尔市","0470-5693739;0470-5693748","amap_place_text"
"B01D600HJR","阿里河林业局","阿里河林业宾馆","住宿服务;宾馆酒店;宾馆酒店","阿里河镇中央街39号","鄂伦春自治旗","123.730133,50.583565","内蒙古自治区","呼伦贝尔市","0470-5693739;0470-5693748","amap_place_text"
"B01D600JWH","牙克石林业局","内蒙古自治区大兴安岭林业管理局","政府机构及社会团体;政府机关;政府机关相关","兴安中街29号","牙克石市","120.728966,49.286161","内蒙古自治区","呼伦贝尔市","","amap_place_text"
"B01D600OUP","阿里河林场","阿里河林业局第二小学校","政府机构及社会团体;政府机关;政府机关相关","中央路159号","鄂伦春自治旗","123.726870,50.591807","内蒙古自治区","呼伦贝尔市","","amap_place_text"
"B01D600OUP","阿里河林业局","阿里河林业局第二小学校","政府机构及社会团体;政府机关;政府机关相关","中央路159号","鄂伦春自治旗","123.726870,50.591807","内蒙古自治区","呼伦贝尔市","","amap_place_text"
"B01D600OUQ","阿里河林业局","阿里河森林工业有限公司防火办","公司企业;公司;公司","中央路159号","鄂伦春自治旗","123.726925,50.591725","内蒙古自治区","呼伦贝尔市","","amap_place_text"
"B01D600U8V","大杨树林场","大杨树沟","地名地址信息;自然地名;山","阿荣旗","阿荣旗","122.924948,48.542680","内蒙古自治区","呼伦贝尔市","","amap_place_text"
"B01D6014A2","甘河林业局","甘河","地名地址信息;自然地名;河流","鄂伦春自治旗","鄂伦春自治旗","124.304575,50.060611","内蒙古自治区","呼伦贝尔市","","amap_place_text"
"B01D601KB6","甘河林业局","内蒙古自治区甘河森林公安局","政府机构及社会团体;公检法机构;公安警察","六顺路与中央街交叉口西320米","鄂伦春自治旗","123.044491,50.632863","内蒙古自治区","呼伦贝尔市","","amap_place_text"
"B01D601KD6","图里河林业局","内蒙古自治区图里河林业局森林经营处","政府机构及社会团体;政府机关;政府机关相关","X302鹤祥园度假村","牙克石市","121.650110,50.514862","内蒙古自治区","呼伦贝尔市","","amap_place_text"
"B01D601KDD","吉文林业局","吉文森林公安局","政府机构及社会团体;公检法机构;公安警察","吉文镇中央路112号","鄂伦春自治旗","123.204865,50.581135","内蒙古自治区","呼伦贝尔市","0470-5926110;0470-5926240","amap_place_text"
"B01D601KFJ","图里河林业局","牙克石市图里河医院","医疗保健服务;综合医院;综合医院","图里河镇","牙克石市","121.692347,50.484081","内蒙古自治区","呼伦贝尔市","0470-7867821","amap_place_text"
"B01D601KFL","图里河林业局","内蒙古自治区图里河森林公安局","政府机构及社会团体;公检法机构;公安警察","牙伊线内蒙古图里河森林公安局","牙克石市","121.684055,50.485040","内蒙古自治区","呼伦贝尔市","","amap_place_text"
"B01D601KJ6","库都尔林业局","库都尔林业局中学","科教文化服务;学校;中学","库都尔镇","牙克石市","121.622442,50.029834","内蒙古自治区","呼伦贝尔市","","amap_place_text"
"B01D601KJ9","库都尔林业局","内蒙古自治区库都尔森林公安局","政府机构及社会团体;公检法机构;公安警察","牙伊线内蒙古库都尔森林公安局","牙克石市","121.619000,50.028515","内蒙古自治区","呼伦贝尔市","","amap_place_text"
"B01D601KLW","大杨树林场","大杨树第二中学","科教文化服务;学校;中学","大杨树镇","鄂伦春自治旗","124.596467,49.741448","内蒙古自治区","呼伦贝尔市","","amap_place_text"
"B01D601KLY","大杨树林场","大杨树第一中学","科教文化服务;学校;中学","大杨树镇","鄂伦春自治旗","124.608289,49.744845","内蒙古自治区","呼伦贝尔市","","amap_place_text"
"B01D601KLZ","大杨树林场","大杨树站","交通设施服务;火车站;火车站","甘奎路南200米","鄂伦春自治旗","124.609946,49.748734","内蒙古自治区","呼伦贝尔市","","amap_place_text"
"B01D601KM5","大杨树林场","大杨树地区人民检察院","政府机构及社会团体;公检法机构;检察院","111国道大杨树第一小学附近","鄂伦春自治旗","124.6101337,49.7430561","内蒙古自治区","呼伦贝尔市","","amap_place_text"
"B01D601KQG","乌尔旗汉林业局","内蒙古自治区乌尔其汉森林公安局","政府机构及社会团体;公检法机构;公安警察","乌尔旗汗森林公安局","牙克石市","121.395408,49.579994","内蒙古自治区","呼伦贝尔市","","amap_place_text"
"B01D601KQG","牙克石林业局","内蒙古自治区乌尔其汉森林公安局","政府机构及社会团体;公检法机构;公安警察","乌尔旗汗森林公安局","牙克石市","121.395408,49.579994","内蒙古自治区","呼伦贝尔市","","amap_place_text"
"B01D601KQY","甘河林场","甘河农场公园","风景名胜;公园广场;公园","111国道西100米","莫力达瓦达斡尔族自治旗","124.644149,49.373651","内蒙古自治区","呼伦贝尔市","","amap_place_text"
"B01D601KR1","甘河林场","甘河农场学校","科教文化服务;学校;中学","长兴路","莫力达瓦达斡尔族自治旗","124.637953,49.380698","内蒙古自治区","呼伦贝尔市","","amap_place_text"
"B01D601KR7","甘河林场","莫旗甘河农场南中国石油甘河加油站","汽车服务;加油站;中国石油","111国道西甘河交警队斜对面","莫力达瓦达斡尔族自治旗","124.646414,49.367672","内蒙古自治区","呼伦贝尔市","0470-4872848","amap_place_text"
"B01D60N1X8","牙克石林业局","内蒙古绰源林业局","政府机构及社会团体;政府机关;乡镇级政府及事业单位","绰河源镇","牙克石市","121.363416,48.339368","内蒙古自治区","呼伦贝尔市","","amap_place_text"
"B01D60N3DT","阿里河林场","阿里河","地名地址信息;自然地名;河流","鄂伦春自治旗","鄂伦春自治旗","123.761890,50.566713","内蒙古自治区","呼伦贝尔市","","amap_place_text"
"B01D60N5ZZ","甘河林业局","甘河林业局工会委员会","政府机构及社会团体;社会团体;社会团体相关","中央街与六顺路交叉口东100米","鄂伦春自治旗","123.050241,50.632312","内蒙古自治区","呼伦贝尔市","","amap_place_text"
"B01D60N60D","根河林业局","内蒙古自治区得耳布尔森林公安局","政府机构及社会团体;公检法机构;公安警察","得耳布尔林业局东南门西南100米","根河市","121.056554,50.995496","内蒙古自治区","呼伦贝尔市","","amap_place_text"
"B01D60N60X","吉文林业局","中共吉文林业局委员会","政府机构及社会团体;政府机关;乡镇级政府及事业单位","吉文森工公司东侧80米","鄂伦春自治旗","123.206380,50.582003","内蒙古自治区","呼伦贝尔市","","amap_place_text"
"B01D60N62Z","图里河林业局","图里河林业局工会","政府机构及社会团体;社会团体;社会团体相关","隆丰超市东北侧120米","牙克石市","121.682319,50.485133","内蒙古自治区","呼伦贝尔市","","amap_place_text"
"B01D60N65N","大杨树林业局","大杨树森林公安局中心派出所","政府机构及社会团体;公检法机构;公安警察","甘奎路自治旗大杨树森林公安局西南","鄂伦春自治旗","124.623658,49.736936","内蒙古自治区","呼伦贝尔市","","amap_place_text"
"B01D60N66D","吉文林业局","中共吉文森林公安局委员会","政府机构及社会团体;公检法机构;公安警察","鑫永利茶庄北侧","鄂伦春自治旗","123.204891,50.581112","内蒙古自治区","呼伦贝尔市","","amap_place_text"
"B01D60N68I","牙克石林业局","巴林林业局","政府机构及社会团体;政府机关;乡镇级政府及事业单位","巴林镇","牙克石市","122.330809,48.315113","内蒙古自治区","呼伦贝尔市","","amap_place_text"
"B01D60N69T","图里河林业局","内蒙古图里河林业局营林生产科","政府机构及社会团体;政府机关;政府机关相关","302县道西50米","牙克石市","121.650187,50.514903","内蒙古自治区","呼伦贝尔市","","amap_place_text"
"B01D60N6CC","甘河林业局","甘河中学","科教文化服务;学校;中学","甘河镇301省道附近","鄂伦春自治旗","123.037180,50.632696","内蒙古自治区","呼伦贝尔市","","amap_place_text"
"B01D60N6CD","根河林业局","根河市森林公安局","政府机构及社会团体;公检法机构;公安警察","兴安路与双拥街交叉口西140米","根河市","121.519075,50.778187","内蒙古自治区","呼伦贝尔市","","amap_place_text"
"B01D60N6CR","牙克石林业局","大兴安岭林业管理局社会保险和再就业第一办事处","政府机构及社会团体;政府机关;政府机关相关","光明路32号","牙克石市","120.710668,49.290497","内蒙古自治区","呼伦贝尔市","","amap_place_text"
"B01D60N6EI","根河林业局","得耳布尔林业局总务处","政府机构及社会团体;政府机关;乡镇级政府及事业单位","林局幼儿园附近","根河市","121.056931,50.996953","内蒙古自治区","呼伦贝尔市","","amap_place_text"
"B01D60N6L0","库都尔林业局","牙克石市人民法院库都尔法庭","政府机构及社会团体;公检法机构;法院","库都尔林业局中学东南侧130米","牙克石市","121.623241,50.028754","内蒙古自治区","呼伦贝尔市","","amap_place_text"
"B01D60N6LV","大杨树林场","大杨树宾馆","住宿服务;宾馆酒店;宾馆酒店","甘奎路与嫩源路交叉口东南角","鄂伦春自治旗","124.624094,49.742265","内蒙古自治区","呼伦贝尔市","","amap_place_text"
"B01D60N6ZK","图里河林业局","中国联通(图里河营业厅)","生活服务;电讯营业厅;中国联通营业厅","图里河林业局西北侧140米","牙克石市","121.681816,50.482688","内蒙古自治区","呼伦贝尔市","18604807557","amap_place_text"
"B01D60N7PP","免渡河林业局","免渡河林业局","政府机构及社会团体;政府机关;乡镇级政府及事业单位","免渡河镇二道街","牙克石市","121.049458,49.095729","内蒙古自治区","呼伦贝尔市","","amap_place_text"
"B01D60N7PP","牙克石林业局","免渡河林业局","政府机构及社会团体;政府机关;乡镇级政府及事业单位","免渡河镇二道街","牙克石市","121.049458,49.095729","内蒙古自治区","呼伦贝尔市","","amap_place_text"
"B01D60N7SF","免渡河林业局","中共免渡河林业局委员会","政府机构及社会团体;政府机关;乡镇级政府及事业单位","中华路二道街","牙克石市","121.049260,49.095598","内蒙古自治区","呼伦贝尔市","","amap_place_text"
"B01D60N7SF","牙克石林业局","中共免渡河林业局委员会","政府机构及社会团体;政府机关;乡镇级政府及事业单位","中华路二道街","牙克石市","121.049260,49.095598","内蒙古自治区","呼伦贝尔市","","amap_place_text"
"B01D60N7T7","牙克石林业局","乌奴尔林业局","政府机构及社会团体;政府机关;乡镇级政府及事业单位","乌奴尔镇大桥街","牙克石市","121.253007,48.859752","内蒙古自治区","呼伦贝尔市","","amap_place_text"
"B01D60N800","甘河林业局","中国邮政鄂伦春自治旗甘河支局(甘河邮政支局)","生活服务;邮局;邮局","甘河镇甘河林业局","鄂伦春自治旗","123.045097,50.632240","内蒙古自治区","呼伦贝尔市","0470-5852449","amap_place_text"
"B01D60N82S","免渡河林业局","牙克石市免渡河国有林场","公司企业;农林牧渔基地;其它农林牧渔基地","中华路四道街","牙克石市","121.051469,49.090645","内蒙古自治区","呼伦贝尔市","","amap_place_text"
"B01D60N82S","牙克石林场","牙克石市免渡河国有林场","公司企业;农林牧渔基地;其它农林牧渔基地","中华路四道街","牙克石市","121.051469,49.090645","内蒙古自治区","呼伦贝尔市","","amap_place_text"
"B01D60N8AL","图里河林业局","伊图里河林业局伊西检查站","政府机构及社会团体;政府机关;政府机关相关","301省道西50米","牙克石市","121.553288,50.651274","内蒙古自治区","呼伦贝尔市","","amap_place_text"
"B01D60N8AL","伊图里河林业局","伊图里河林业局伊西检查站","政府机构及社会团体;政府机关;政府机关相关","301省道西50米","牙克石市","121.553288,50.651274","内蒙古自治区","呼伦贝尔市","","amap_place_text"
"B01D60N8B0","免渡河林业局","中共免渡河林业局红旗林场支部委员会","政府机构及社会团体;政府机关;政府机关相关","Z005附近","牙克石市","121.053951,49.090347","内蒙古自治区","呼伦贝尔市","","amap_place_text"
"B01D60N8B0","牙克石林业局","中共免渡河林业局红旗林场支部委员会","政府机构及社会团体;政府机关;政府机关相关","Z005附近","牙克石市","121.053951,49.090347","内蒙古自治区","呼伦贝尔市","","amap_place_text"
"B01D60N8GU","牙克石林业局","内蒙古牙克石森林公安局","政府机构及社会团体;公检法机构;公安警察","工业大街4号","牙克石市","120.724050,49.297214","内蒙古自治区","呼伦贝尔市","","amap_place_text"
"B01D60N8JP","大杨树林业局","蓝天网吧(大杨树林业局园丁小区东南)","体育休闲服务;娱乐场所;网吧","319县道大杨树林业局园丁小区东南角底商","鄂伦春自治旗","124.624600,49.731183","内蒙古自治区","呼伦贝尔市","0470-5726362","amap_place_text"
"B01D60N8O5","大杨树林场","大杨树客运站","交通设施服务;长途汽车站;长途汽车站","大杨树镇","鄂伦春自治旗","124.586242,49.753591","内蒙古自治区","呼伦贝尔市","","amap_place_text"
"B01D60N8OW","大杨树林业局","大杨树第三中学","科教文化服务;学校;中学","大杨树镇","鄂伦春自治旗","124.621835,49.734443","内蒙古自治区","呼伦贝尔市","","amap_place_text"
"B01D60N8PI","牙克石林业局","大兴安岭林管局社会保险和再就业第二办事处委员会","政府机构及社会团体;政府机关;政府机关相关","工业大街与青松北路交叉口东北40米","牙克石市","120.729268,49.297677","内蒙古自治区","呼伦贝尔市","","amap_place_text"
"B01D60N8YV","大杨树林业局","大杨树林业局园丁小区","商务住宅;住宅区;住宅小区","","鄂伦春自治旗","124.622368,49.733184","内蒙古自治区","呼伦贝尔市","","amap_place_text"
"B01D60N8YX","大杨树林场","大杨树第二小学","科教文化服务;学校;小学","大杨树镇","鄂伦春自治旗","124.631157,49.733305","内蒙古自治区","呼伦贝尔市","","amap_place_text"
"B01D60N8Z7","甘河林场","甘河站","交通设施服务;火车站;火车站","甘河镇","鄂伦春自治旗","123.059379,50.629665","内蒙古自治区","呼伦贝尔市","","amap_place_text"
"B01D60N9AJ","牙克石林场","小九亚林场","公司企业;农林牧渔基地;其它农林牧渔基地","","牙克石市","121.663360,50.041035","内蒙古自治区","呼伦贝尔市","","amap_place_text"
"B01D60N9EH","图里河林业局","图里河森林工业有限公司","公司企业;公司;公司","图里河镇","牙克石市","121.682877,50.481229","内蒙古自治区","呼伦贝尔市","","amap_place_text"
"B01D60N9M2","克一河林业局","中共克一河森林公安局委员会","政府机构及社会团体;公检法机构;公安警察","中央街","鄂伦春自治旗","122.521884,50.654265","内蒙古自治区","呼伦贝尔市","","amap_place_text"
"B01D60N9QP","克一河林业局","内蒙古自治区克一河森林公安局","政府机构及社会团体;公检法机构;公安警察","克一河森林公安局","鄂伦春自治旗","122.522187,50.653801","内蒙古自治区","呼伦贝尔市","","amap_place_text"
"B01D60NA0M","海拉尔林业局","海拉尔西山自然保护区管理局","政府机构及社会团体;政府机关;区县级政府及事业单位","西交界街森林公安局","海拉尔区","119.732570,49.213825","内蒙古自治区","呼伦贝尔市","","amap_place_text"
"B01D60NA3E","吉文林业局","吉文林业局燃料供应处","公司企业;公司;公司","吉文镇","鄂伦春自治旗","123.216319,50.572477","内蒙古自治区","呼伦贝尔市","","amap_place_text"
"B01D60NA79","克一河林业局","克一河派出所","政府机构及社会团体;公检法机构;公安警察","301省道110号","鄂伦春自治旗","122.493825,50.650837","内蒙古自治区","呼伦贝尔市","","amap_place_text"
"B01D60NA81","大杨树林业局","乌鲁布铁管护站","政府机构及社会团体;政府机关;乡镇级政府及事业单位","中国石油乌鲁布铁镇加油站东南侧200米","鄂伦春自治旗","124.378382,49.888773","内蒙古自治区","呼伦贝尔市","","amap_place_text"
"B01D60NAMW","克一河林业局","诺敏山庄","餐饮服务;中餐厅;综合酒楼|体育休闲服务;休闲场所;休闲场所","克一河林业局","鄂伦春自治旗","122.494511,50.650733","内蒙古自治区","呼伦贝尔市","","amap_place_text"
"B01D60NAP6","根河林业局","得耳布尔林业局物资供应管理处","政府机构及社会团体;政府机关;乡镇级政府及事业单位","得耳布尔镇","根河市","121.075781,50.994046","内蒙古自治区","呼伦贝尔市","","amap_place_text"
"B01D60NAZK","根河林业局","得耳布尔林业局森林资源管护大队花楸山管护站","政府机构及社会团体;政府机关;政府机关相关","325县道西北侧","根河市","121.137201,50.948795","内蒙古自治区","呼伦贝尔市","","amap_place_text"
"B01D60NB5E","阿里河林业局","内蒙古自治区吉文林业局贮木场","公司企业;公司;公司","吉文镇","鄂伦春自治旗","123.210125,50.582345","内蒙古自治区","呼伦贝尔市","","amap_place_text"
"B01D60NB5E","吉文林业局","内蒙古自治区吉文林业局贮木场","公司企业;公司;公司","吉文镇","鄂伦春自治旗","123.210125,50.582345","内蒙古自治区","呼伦贝尔市","","amap_place_text"
"B01D60NB78","图里河林业局","伊图里河林业局银阿森林资源管护所总支委员会","政府机构及社会团体;政府机关;政府机关相关","301省道北50米","鄂伦春自治旗","122.334963,50.648380","内蒙古自治区","呼伦贝尔市","","amap_place_text"
"B01D60NB78","伊图里河林业局","伊图里河林业局银阿森林资源管护所总支委员会","政府机构及社会团体;政府机关;政府机关相关","301省道北50米","鄂伦春自治旗","122.334963,50.648380","内蒙古自治区","呼伦贝尔市","","amap_place_text"
"B01D60NBFV","图里河林业局","图里河林业局森林病虫害防治检疫站","政府机构及社会团体;政府机关;政府机关相关","302县道西50米","牙克石市","121.650187,50.514903","内蒙古自治区","呼伦贝尔市","","amap_place_text"
"B01D60NBGW","甘河林场","甘河林业局","政府机构及社会团体;政府机关;乡镇级政府及事业单位","甘河镇","鄂伦春自治旗","123.050544,50.632735","内蒙古自治区","呼伦贝尔市","","amap_place_text"
"B01D60NBGW","甘河林业局","甘河林业局","政府机构及社会团体;政府机关;乡镇级政府及事业单位","甘河镇","鄂伦春自治旗","123.050544,50.632735","内蒙古自治区","呼伦贝尔市","","amap_place_text"
"B01D60NBMQ","图里河林业局","图里河林业局幼儿园","科教文化服务;学校;幼儿园","图里河镇","牙克石市","121.683209,50.485091","内蒙古自治区","呼伦贝尔市","","amap_place_text"
"B01D60NBMR","图里河林业局","中共图里河森林公安局委员会","政府机构及社会团体;公检法机构;公安警察","图里河镇内蒙古自治区图里河森林公安局附近","牙克石市","121.684119,50.484943","内蒙古自治区","呼伦贝尔市","","amap_place_text"
"B01D60NBMX","阿里河林业局","中共阿里河林业局森林调查设计队支部委员会","政府机构及社会团体;政府机关;乡镇级政府及事业单位","龙华路与红旗街交叉口北80米","鄂伦春自治旗","123.727897,50.596725","内蒙古自治区","呼伦贝尔市","","amap_place_text"
"B01D60NBMY","阿里河林业局","阿里河林业局森林调查设计队","政府机构及社会团体;政府机关;乡镇级政府及事业单位","龙华路45号","鄂伦春自治旗","123.728296,50.596712","内蒙古自治区","呼伦贝尔市","","amap_place_text"
"B01D60NBQ6","根河林业局","内蒙古得耳布尔林业局","政府机构及社会团体;政府机关;乡镇级政府及事业单位","Z008附近","根河市","121.057107,50.996473","内蒙古自治区","呼伦贝尔市","","amap_place_text"
"B01D60NBTY","大杨树林业局","中共大杨树林业局委员会","政府机构及社会团体;政府机关;乡镇级政府及事业单位","能源路与甘奎路交叉口南380米","鄂伦春自治旗","124.625848,49.737245","内蒙古自治区","呼伦贝尔市","","amap_place_text"
"B01D60NC2N","阿里河林业局","中共阿里河森林公安局委员会","政府机构及社会团体;公检法机构;公安警察","龙华路与文化街交叉口东南60米","鄂伦春自治旗","123.731049,50.587738","内蒙古自治区","呼伦贝尔市","","amap_place_text"
"B01D60NC39","大杨树林场","内蒙古大兴安岭森林公安局大杨树分局","政府机构及社会团体;公检法机构;公安警察","能源路与甘奎路交叉口南400米","鄂伦春自治旗","124.625370,49.737207","内蒙古自治区","呼伦贝尔市","","amap_place_text"
"B01D60NC39","大杨树林业局","内蒙古大兴安岭森林公安局大杨树分局","政府机构及社会团体;公检法机构;公安警察","能源路与甘奎路交叉口南400米","鄂伦春自治旗","124.625370,49.737207","内蒙古自治区","呼伦贝尔市","","amap_place_text"
"B01D60NEEU","阿里河林场","内蒙古阿里河国家森林公园","风景名胜;公园广场;水族馆","阿里河林业局","鄂伦春自治旗","123.310697,50.372023","内蒙古自治区","呼伦贝尔市","","amap_place_text"
"B01D60NEEU","阿里河林业局","内蒙古阿里河国家森林公园","风景名胜;公园广场;水族馆","阿里河林业局","鄂伦春自治旗","123.310697,50.372023","内蒙古自治区","呼伦贝尔市","","amap_place_text"
"B01D60NFKY","乌尔旗汗林业局","乌尔其汗森林公安局(第二派出所)","政府机构及社会团体;公检法机构;公安警察","乌尔其汉镇","牙克石市","121.386505,49.568198","内蒙古自治区","呼伦贝尔市","","amap_place_text"
"B01D60NG40","乌尔旗汗林业局","乌尔其汉林业局","政府机构及社会团体;政府机关;乡镇级政府及事业单位","乌尔其汉镇","牙克石市","121.386856,49.568939","内蒙古自治区","呼伦贝尔市","","amap_place_text"
"B01D60NG40","牙克石林业局","乌尔其汉林业局","政府机构及社会团体;政府机关;乡镇级政府及事业单位","乌尔其汉镇","牙克石市","121.386856,49.568939","内蒙古自治区","呼伦贝尔市","","amap_place_text"
"B01D60NG6L","根河林业局","金河林业局森林资源管理处","政府机构及社会团体;政府机关;政府机关相关","金河镇","根河市","121.518148,51.333504","内蒙古自治区","呼伦贝尔市","","amap_place_text"
"B01D60NG6U","库都尔林业局","库都尔林业局","政府机构及社会团体;政府机关;政府机关相关","","牙克石市","121.620809,50.029267","内蒙古自治区","呼伦贝尔市","","amap_place_text"
"B01D60NG6U","牙克石林业局","库都尔林业局","政府机构及社会团体;政府机关;政府机关相关","","牙克石市","121.620809,50.029267","内蒙古自治区","呼伦贝尔市","","amap_place_text"
"B01D60NG8M","图里河林业局","图里河林业局","政府机构及社会团体;政府机关;乡镇级政府及事业单位","","牙克石市","121.683148,50.481691","内蒙古自治区","呼伦贝尔市","0470-7867512","amap_place_text"
"B01D60NG8M","牙克石林业局","图里河林业局","政府机构及社会团体;政府机关;乡镇级政府及事业单位","","牙克石市","121.683148,50.481691","内蒙古自治区","呼伦贝尔市","0470-7867512","amap_place_text"
"B0FFF3WPG6","根河林业局","满归森林公安局(第二派出所)","政府机构及社会团体;公检法机构;公安警察","满归镇","根河市","122.053020,52.044785","内蒙古自治区","呼伦贝尔市","","amap_place_text"
"B0FFF45ZFK","根河林业局","根河林业局电讯管理处","政府机构及社会团体;政府机关;政府机关相关","林海街","根河市","121.536335,50.781357","内蒙古自治区","呼伦贝尔市","","amap_place_text"
"B0FFF4V7HK","根河林业局","满归林业局","政府机构及社会团体;政府机关;乡镇级政府及事业单位","324县道双利商店东30米","根河市","122.055261,52.043112","内蒙古自治区","呼伦贝尔市","0470-5372799","amap_place_text"
"B0FFF4ZQ4M","图里河林业局","伊图里河林业局","政府机构及社会团体;政府机关;政府机关相关","伊图里河镇","牙克石市","121.590332,50.649510","内蒙古自治区","呼伦贝尔市","","amap_place_text"
"B0FFF4ZQ4M","牙克石林业局","伊图里河林业局","政府机构及社会团体;政府机关;政府机关相关","伊图里河镇","牙克石市","121.590332,50.649510","内蒙古自治区","呼伦贝尔市","","amap_place_text"
"B0FFF4ZQ4M","伊图里河林业局","伊图里河林业局","政府机构及社会团体;政府机关;政府机关相关","伊图里河镇","牙克石市","121.590332,50.649510","内蒙古自治区","呼伦贝尔市","","amap_place_text"
"B0FFF52PNN","牙克石林业局","绰尔林业局","政府机构及社会团体;政府机关;乡镇以下级政府及事业单位","泰源建材西南侧180米","牙克石市","121.196630,47.981662","内蒙古自治区","呼伦贝尔市","","amap_place_text"
"B0FFF9025K","伊图里河林业局","银阿林场","公司企业;农林牧渔基地;其它农林牧渔基地","大兴安岭林管局伊图里河林业局301省道","鄂伦春自治旗","122.335025,50.648625","内蒙古自治区","呼伦贝尔市","","amap_place_text"
"B0FFFFAOU1","吉文林业局","吉文镇政府","政府机构及社会团体;政府机关;乡镇级政府及事业单位","吉文镇吉文林业局","鄂伦春自治旗","123.203973,50.580232","内蒙古自治区","呼伦贝尔市","0470-5932023","amap_place_text"
"B0FFFGO9OF","根河林业局","根河林业局加拉嘎木材检查站","政府机构及社会团体;政府机关;政府机关相关","301省道北50米","根河市","120.797867,50.438046","内蒙古自治区","呼伦贝尔市","","amap_place_text"
"B0FFFGOTBT","根河林业局","根河林业局205管护站","政府机构及社会团体;政府机关;政府机关相关","301省道东50米","根河市","121.145548,50.609126","内蒙古自治区","呼伦贝尔市","","amap_place_text"
"B0FFFRN41F","克一河林业局","克一河林业局工会","政府机构及社会团体;政府机关;乡镇级政府及事业单位","中央大街附近","鄂伦春自治旗","122.500094,50.651147","内蒙古自治区","呼伦贝尔市","","amap_place_text"
"B0FFFRXOVB","大杨树林业局","四平山林场","公司企业;农林牧渔基地;其它农林牧渔基地","大杨树林业局","鄂伦春自治旗","124.654725,49.919675","内蒙古自治区","呼伦贝尔市","","amap_place_text"
"B0FFG1VI8K","牙克石林场","牙克石市牙克石林场","公司企业;农林牧渔基地;其它农林牧渔基地","牙克石林场","牙克石市","120.794599,49.275445","内蒙古自治区","呼伦贝尔市","","amap_place_text"
"B0FFG37D2C","大杨树林业局","斌子汽车电器修理","汽车服务;汽车配件销售;汽车配件销售|汽车维修;汽车维修;汽车维修","大杨树林业局附近","鄂伦春自治旗","124.627337,49.737761","内蒙古自治区","呼伦贝尔市","15047033537","amap_place_text"
"B0FFG4P1FL","克一河林业局","新林城商店","购物服务;便民商店/便利店;便民商店/便利店","克一河林业局西南侧170米","鄂伦春自治旗","122.494518,50.649305","内蒙古自治区","呼伦贝尔市","","amap_place_text"
"B0FFG8NQA1","牙克石林业局","中共内蒙古大兴安岭林业管理局电信局委员会","政府机构及社会团体;社会团体;社会团体相关","幸福西街与林城路交叉口西140米","牙克石市","120.734824,49.289291","内蒙古自治区","呼伦贝尔市","","amap_place_text"
"B0FFGGCNKB","阿里河林场","六二六街与阿里河路交叉口","地名地址信息;交通地名;路口名","海拉尔区","海拉尔区","119.767018,49.214322","内蒙古自治区","呼伦贝尔市","","amap_place_text"
"B0FFGGFFFP","阿里河林场","扎兰屯路与阿里河路交叉口","地名地址信息;交通地名;路口名","海拉尔区","海拉尔区","119.766338,49.223400","内蒙古自治区","呼伦贝尔市","","amap_place_text"
"B0FFGGLZWX","阿里河林场","新春街与阿里河路交叉口","地名地址信息;交通地名;路口名","海拉尔区","海拉尔区","119.766471,49.213098","内蒙古自治区","呼伦贝尔市","","amap_place_text"
"B0FFGH8RXF","甘河林场","甘河","地名地址信息;自然地名;河流","莫力达瓦达斡尔族自治旗","莫力达瓦达斡尔族自治旗","125.155222,49.167481","内蒙古自治区","呼伦贝尔市","","amap_place_text"
"B0FFGIBVGQ","根河林业局","内蒙古北部原始林区森林管护局","政府机构及社会团体;政府机关;政府机关相关","324县道附近","根河市","122.049135,52.044527","内蒙古自治区","呼伦贝尔市","","amap_place_text"
"B0FFGIPEXW","甘河林场","甘河","地名地址信息;自然地名;河流","莫力达瓦达斡尔族自治旗","莫力达瓦达斡尔族自治旗","124.830152,49.413415","内蒙古自治区","呼伦贝尔市","","amap_place_text"
"B0FFGIPEXZ","甘河林场","甘河","地名地址信息;自然地名;河流","莫力达瓦达斡尔族自治旗","莫力达瓦达斡尔族自治旗","124.607669,49.576727","内蒙古自治区","呼伦贝尔市","","amap_place_text"
"B0FFGK3533","甘河林场","甘河","地名地址信息;自然地名;河流","莫力达瓦达斡尔族自治旗","莫力达瓦达斡尔族自治旗","124.652793,49.526367","内蒙古自治区","呼伦贝尔市","","amap_place_text"
"B0FFGK35QG","甘河林场","甘河","地名地址信息;自然地名;河流","莫力达瓦达斡尔族自治旗","莫力达瓦达斡尔族自治旗","124.774760,49.424215","内蒙古自治区","呼伦贝尔市","","amap_place_text"
"B0FFGK370S","甘河林场","甘河","地名地址信息;自然地名;河流","莫力达瓦达斡尔族自治旗","莫力达瓦达斡尔族自治旗","124.927072,49.376464","内蒙古自治区","呼伦贝尔市","","amap_place_text"
"B0FFGL3N8P","图里河林业局","图里河林业宾馆","住宿服务;宾馆酒店;宾馆酒店","302县道附近","牙克石市","121.683434,50.478654","内蒙古自治区","呼伦贝尔市","","amap_place_text"
"B0FFGXZUER","根河林业局","根河林业局防火办","政府机构及社会团体;政府机关;政府机关相关","林海街与林建路交叉口东北120米","根河市","121.536913,50.789498","内蒙古自治区","呼伦贝尔市","","amap_place_text"
"B0FFGY5M4J","乌尔旗汉林业局","乌尔旗汗森工公司","公司企业;公司;公司","乌尔其汗森林公安局第一派出所东北","牙克石市","121.403283,49.584389","内蒙古自治区","呼伦贝尔市","","amap_place_text"
"B0FFGZ5T3S","加格达奇林场","壮志林场","公司企业;农林牧渔基地;其它农林牧渔基地","林都商贸城","加格达奇区","124.127975,50.424275","黑龙江省","大兴安岭地区","","amap_place_text"
"B0FFGZ5YFA","克一河林业局","克一河森工公司","政府机构及社会团体;政府机关;乡镇级政府及事业单位|公司企业;公司;公司","中央街364号","鄂伦春自治旗","122.496268,50.650652","内蒙古自治区","呼伦贝尔市","","amap_place_text"
"B0FFGZ6NR4","克一河林业局","克一河林业局电讯管理处","政府机构及社会团体;政府机关;乡镇级政府及事业单位","克一河林业局","鄂伦春自治旗","122.499322,50.651066","内蒙古自治区","呼伦贝尔市","","amap_place_text"
"B0FFH02XP0","阿里河林场","阿里河镇政府小广场","风景名胜;公园广场;公园广场","阿里河镇政府南","鄂伦春自治旗","123.722805,50.596856","内蒙古自治区","呼伦贝尔市","","amap_place_text"
"B0FFH398KF","牙克石林场","绰源林业局苏格河林场","公司企业;公司企业;公司企业","绰源林业局","牙克石市","121.361375,48.333525","内蒙古自治区","呼伦贝尔市","","amap_place_text"
"B0FFH39A85","大杨树林业局","中国联通兴林合作厅(兴林步行街营业厅)","生活服务;电讯营业厅;中国联通营业厅","大杨树林业局林小步行街","鄂伦春自治旗","124.628396,49.735653","内蒙古自治区","呼伦贝尔市","","amap_place_text"
"B0FFH438KX","甘河林业局","林兴快捷宾馆","住宿服务;宾馆酒店;宾馆酒店","甘河林业局甘河林业公司","鄂伦春自治旗","123.058147,50.631168","内蒙古自治区","呼伦贝尔市","","amap_place_text"
"B0FFH6MPCO","根河林业局","大兴安岭林业管理局根河航空护林站","政府机构及社会团体;政府机关;区县级政府及事业单位","中央大街9号","根河市","121.521759,50.780439","内蒙古自治区","呼伦贝尔市","","amap_place_text"
"B0FFH7Q426","加格达奇林业局","大兴安岭地区加格达奇林业局管护区办事处","政府机构及社会团体;政府机关;区县级政府及事业单位","光明东路与晨光大街交叉口北150米","加格达奇区","124.131453,50.416057","黑龙江省","大兴安岭地区","","amap_place_text"
"B0FFH7QQQD","加格达奇林业局","加格达奇林业局大子杨山管护区","政府机构及社会团体;政府机关;区县级政府及事业单位","晨光大街67号","加格达奇区","124.131335,50.415753","黑龙江省","大兴安岭地区","0457-2187380","amap_place_text"
"B0FFH92QLY","大杨树林业局","大杨树永生润滑油商店","购物服务;购物相关场所;购物相关场所","大杨树镇林业局拐把楼北","鄂伦春自治旗","124.623719,49.738156","内蒙古自治区","呼伦贝尔市","15248220262","amap_place_text"
"B0FFH9FJ8J","牙克石林业局","满归林业局公安局","政府机构及社会团体;公检法机构;公安警察","兴安中街与青松南路交叉口西120米","牙克石市","120.728812,49.285843","内蒙古自治区","呼伦贝尔市","","amap_place_text"
"B0FFHDBFN2","加格达奇林业局","正阳楼熏酱饺子馆(圆满家居建材市场店)","餐饮服务;快餐厅;快餐厅","加格达奇林业局旁边","加格达奇区","124.130158,50.413832","黑龙江省","大兴安岭地区","0457-6111116","amap_place_text"
"B0FFHDSJS2","牙克石林业局","中共满归林业局离退处牙克石支部委员会","政府机构及社会团体;政府机关;区县级政府及事业单位","育才西街与青松北路交叉口东140米","牙克石市","120.731562,49.291919","内蒙古自治区","呼伦贝尔市","","amap_place_text"
"B0FFHDSJSC","图里河林业局","图里河林业局驻牙办事处","政府机构及社会团体;政府机关;外地政府办","青松南路与爱民西街交叉口东北60米","牙克石市","120.731433,49.284106","内蒙古自治区","呼伦贝尔市","","amap_place_text"
"B0FFHKE729","加格达奇林业局","中天广告(山水嘉苑店)","生活服务;生活服务场所;生活服务场所","加格达奇林业局山水嘉苑30号楼","加格达奇区","124.107400,50.432534","黑龙江省","大兴安岭地区","","amap_place_text"
"B0FFHOL1RE","加格达奇林业局","加格达奇林业局西侧办公楼","商务住宅;楼宇;商务写字楼|政府机构及社会团体;政府机关;政府机关相关","加格达奇林业局晨光大街","加格达奇区","124.129712,50.417067","黑龙江省","大兴安岭地区","","amap_place_text"
"B0FFHOVS2A","阿里河林业局","阿里河林业局物资供应科","政府机构及社会团体;政府及社会团体相关;政府及社会团体相关","林海路与育才街交叉口东320米","鄂伦春自治旗","123.736298,50.593451","内蒙古自治区","呼伦贝尔市","","amap_place_text"
"B0FFHPA8O3","阿里河林场","新桥市场(伊敏大街店)","购物服务;综合市场;综合市场","内阿里河路33号","海拉尔区","119.768733,49.222043","内蒙古自治区","呼伦贝尔市","","amap_place_text"
"B0FFHV55IB","阿里河林场","阿里河铁道南派出所","政府机构及社会团体;公检法机构;公安警察","阿里河镇阿里河","鄂伦春自治旗","123.733634,50.577996","内蒙古自治区","呼伦贝尔市","","amap_place_text"
"B0FFHVFQRV","阿里河林业局","益佳超市(龙华路店)","购物服务;便民商店/便利店;便民商店/便利店","阿里河镇森林公安局对面","鄂伦春自治旗","123.730525,50.587800","内蒙古自治区","呼伦贝尔市","","amap_place_text"
"B0FFI0XKCB","甘河林场","甘河农场水库","地名地址信息;自然地名;湖泊","莫力达瓦达斡尔族自治旗","莫力达瓦达斡尔族自治旗","124.641262,49.369293","内蒙古自治区","呼伦贝尔市","","amap_place_text"
"B0FFI10BQ7","牙克石林场","博克图林场","公司企业;公司企业;公司企业","博克图站西南","牙克石市","121.918782,48.753238","内蒙古自治区","呼伦贝尔市","","amap_place_text"
"B0FFI328K0","加格达奇林业局","大森林山珍加工部","购物服务;综合市场;农副产品市场","加格达奇雁来商业街","加格达奇区","124.149891,50.413661","黑龙江省","大兴安岭地区","","amap_place_text"
"B0FFI62BVK","甘河林业局","甘河林业防火办","政府机构及社会团体;政府及社会团体相关;政府及社会团体相关","中央街","鄂伦春自治旗","123.057444,50.633386","内蒙古自治区","呼伦贝尔市","","amap_place_text"
"B0FFI7M442","免渡河林业局","梅菊土产五金商店","购物服务;家居建材市场;家居建材市场","免渡河林业局西侧130米","牙克石市","121.047571,49.095635","内蒙古自治区","呼伦贝尔市","13604749471","amap_place_text"
"B0FFI928KL","大杨树林业局","要饭盒子海鲜烤肉(兴林街店)","餐饮服务;中餐厅;中餐厅","大杨树镇林业局兴林步行街对面","鄂伦春自治旗","124.627549,49.737658","内蒙古自治区","呼伦贝尔市","15663797957","amap_place_text"
"B0FFI9RJPA","克一河林业局","克一河森林资源管护站","政府机构及社会团体;政府机关;乡镇级政府及事业单位","301省道北50米","鄂伦春自治旗","122.397381,50.644060","内蒙古自治区","呼伦贝尔市","","amap_place_text"
"B0FFIJHSQD","加格达奇林业局","大兴安岭行署森林资源林政管理局加格达奇铁路木材检查站","政府机构及社会团体;政府机关;政府机关相关","世纪大道5号","加格达奇区","124.122343,50.422247","黑龙江省","大兴安岭地区","","amap_place_text"
"B0FFIJTYLP","加格达奇林业局","加格达奇林业局","政府机构及社会团体;政府机关;政府机关相关","大兴安岭地区漠河市市北极村旅游风景区北极村旅游风景区内(东侧)","漠河市","122.365154,53.482188","黑龙江省","大兴安岭地区","","amap_place_text"
"B0FFILVSGG","大杨树林场","大杨树人民法庭","政府机构及社会团体;政府及社会团体相关;政府及社会团体相关","大杨树镇","鄂伦春自治旗","124.594876,49.747133","内蒙古自治区","呼伦贝尔市","","amap_place_text"
"B0FFIT8Y86","加格达奇林业局","大兴安岭地区","地名地址信息;普通地名;地市级地名","加格达奇区","加格达奇区","124.117861,50.411291","黑龙江省","大兴安岭地区","","amap_place_text"
"B0FFJ1HTW9","根河林业局","满归林业局防火办","政府机构及社会团体;政府机关;乡镇级政府及事业单位","","根河市","122.084483,52.043006","内蒙古自治区","呼伦贝尔市","","amap_place_text"
"B0FFJK3358","图里河林业局","图里河林业局老干部科","政府机构及社会团体;政府及社会团体相关;政府及社会团体相关","302县道东50米","牙克石市","121.682180,50.483421","内蒙古自治区","呼伦贝尔市","","amap_place_text"
"B0FFJMQ6F0","伊图里河林业局","伊东幼儿园","科教文化服务;学校;幼儿园","伊图里河林业局正对面","牙克石市","121.590801,50.648933","内蒙古自治区","呼伦贝尔市","","amap_place_text"
"B0FFJQPP2W","牙克石林业局","内蒙古大兴安岭森林公安局","政府机构及社会团体;政府及社会团体相关;政府及社会团体相关","","牙克石市","120.796281,49.320123","内蒙古自治区","呼伦贝尔市","","amap_place_text"
"B0FFJZWHLH","大杨树林场","大杨树站站前广场","风景名胜;公园广场;城市广场","大杨树镇铁兴街","鄂伦春自治旗","124.609325,49.748154","内蒙古自治区","呼伦贝尔市","","amap_place_text"
"B0FFKDHAP9","大杨树林场","大杨树镇商会","政府机构及社会团体;政府及社会团体相关;政府及社会团体相关","大杨树镇","鄂伦春自治旗","124.603235,49.747841","内蒙古自治区","呼伦贝尔市","","amap_place_text"
"B0FFKLPDK4","根河林业局","内蒙古根河林业局多种经营管理处","政府机构及社会团体;政府及社会团体相关;政府及社会团体相关","森工路与林海街交叉口东40米","根河市","121.537196,50.785277","内蒙古自治区","呼伦贝尔市","","amap_place_text"
"B0FFKOWC50","图里河林业局","伊图里河林业局道木达检查站","政府机构及社会团体;政府及社会团体相关;政府及社会团体相关","302县道东50米","牙克石市","121.528503,50.555691","内蒙古自治区","呼伦贝尔市","","amap_place_text"
"B0FFKOWC50","伊图里河林业局","伊图里河林业局道木达检查站","政府机构及社会团体;政府及社会团体相关;政府及社会团体相关","302县道东50米","牙克石市","121.528503,50.555691","内蒙古自治区","呼伦贝尔市","","amap_place_text"
"B0FFKOWHUA","图里河林业局","伊图里河林业局伊东检查站","政府机构及社会团体;政府及社会团体相关;政府及社会团体相关","301省道北50米","牙克石市","121.613560,50.652001","内蒙古自治区","呼伦贝尔市","","amap_place_text"
"B0FFKOWHUA","伊图里河林业局","伊图里河林业局伊东检查站","政府机构及社会团体;政府及社会团体相关;政府及社会团体相关","301省道北50米","牙克石市","121.613560,50.652001","内蒙古自治区","呼伦贝尔市","","amap_place_text"
"B0FFKP0L96","图里河林业局","伊图里河林业局森林防火指挥部","政府机构及社会团体;政府及社会团体相关;政府及社会团体相关","伊图里河林业局东北200米处","牙克石市","121.591049,50.651136","内蒙古自治区","呼伦贝尔市","","amap_place_text"
"B0FFKP0L96","伊图里河林业局","伊图里河林业局森林防火指挥部","政府机构及社会团体;政府及社会团体相关;政府及社会团体相关","伊图里河林业局东北200米处","牙克石市","121.591049,50.651136","内蒙古自治区","呼伦贝尔市","","amap_place_text"
"B0FFKP0ZOB","图里河林业局","伊图里河森林公安局","政府机构及社会团体;政府及社会团体相关;政府及社会团体相关","伊图里河镇","牙克石市","121.594634,50.649837","内蒙古自治区","呼伦贝尔市","","amap_place_text"
"B0FFKP0ZOB","伊图里河林业局","伊图里河森林公安局","政府机构及社会团体;政府及社会团体相关;政府及社会团体相关","伊图里河镇","牙克石市","121.594634,50.649837","内蒙古自治区","呼伦贝尔市","","amap_place_text"
"B0FFKPA9N3","图里河林业局","伊图里河林业局温河生态功能区管理处","政府机构及社会团体;政府及社会团体相关;政府及社会团体相关","博克图火车站北300米处","牙克石市","121.920228,48.756229","内蒙古自治区","呼伦贝尔市","","amap_place_text"
"B0FFKPA9N3","伊图里河林业局","伊图里河林业局温河生态功能区管理处","政府机构及社会团体;政府及社会团体相关;政府及社会团体相关","博克图火车站北300米处","牙克石市","121.920228,48.756229","内蒙古自治区","呼伦贝尔市","","amap_place_text"
"B0FFKQJ2W6","图里河林业局","伊图里河森林公安局伊东派出所","政府机构及社会团体;政府及社会团体相关;政府及社会团体相关","伊图里河林业中学","牙克石市","121.594622,50.649800","内蒙古自治区","呼伦贝尔市","0470-7692002","amap_place_text"
"B0FFKQJ2W6","伊图里河林业局","伊图里河森林公安局伊东派出所","政府机构及社会团体;政府及社会团体相关;政府及社会团体相关","伊图里河林业中学","牙克石市","121.594622,50.649800","内蒙古自治区","呼伦贝尔市","0470-7692002","amap_place_text"
"B0FFKQN7ZB","伊图里河林业局","星河广场","风景名胜;公园广场;城市广场","伊图里河镇伊图里河林业中学西北100米处","牙克石市","121.591875,50.650750","内蒙古自治区","呼伦贝尔市","","amap_place_text"
"B0FFKSKP8G","免渡河林业局","二胖果蔬商店(中兴商业街店)","购物服务;综合市场;果品市场","免渡河林业局西侧150米","牙克石市","121.047279,49.095812","内蒙古自治区","呼伦贝尔市","13644701867","amap_place_text"
"B0FFKSMLJI","大杨树林场","大杨树实验幼儿园","科教文化服务;学校;幼儿园","大杨树镇二马路","鄂伦春自治旗","124.609563,49.743941","内蒙古自治区","呼伦贝尔市","0470-5747775","amap_place_text"
"B0FFKSQJ0X","海拉尔林业局","呼伦贝尔市林业和草原局海拉尔分局","政府机构及社会团体;政府及社会团体相关;政府及社会团体相关","西交界街西100米","海拉尔区","119.732468,49.213892","内蒙古自治区","呼伦贝尔市","","amap_place_text"
"B0FFKV3NEC","大杨树林场","大杨树镇大辉孵化场","公司企业;农林牧渔基地;其它农林牧渔基地","能源路1号","鄂伦春自治旗","124.616826,49.739616","内蒙古自治区","呼伦贝尔市","15204976222","amap_place_text"
"B0FFKZKIOT","库都尔林业局","温暖居旅店","住宿服务;旅馆招待所;旅馆招待所","库都尔林业局西南侧120米","牙克石市","121.619461,50.028594","内蒙古自治区","呼伦贝尔市","","amap_place_text"
"B0FFL0XLLA","阿里河林场","阿里河国家森林公园相思谷景区","风景名胜;风景名胜相关;旅游景点","阿里河林业局","鄂伦春自治旗","123.427223,50.343584","内蒙古自治区","呼伦贝尔市","","amap_place_text"
"B0FFL0XLLA","阿里河林业局","阿里河国家森林公园相思谷景区","风景名胜;风景名胜相关;旅游景点","阿里河林业局","鄂伦春自治旗","123.427223,50.343584","内蒙古自治区","呼伦贝尔市","","amap_place_text"
"B0FFL2XZZD","克一河林业局","迎宾饭店(杜鹃路店)","餐饮服务;中餐厅;中餐厅","克一河林业局西南侧260米","鄂伦春自治旗","122.494963,50.648264","内蒙古自治区","呼伦贝尔市","","amap_place_text"
"B0FFL4A3E6","免渡河林业局","龙驰农资经销处","购物服务;购物相关场所;购物相关场所","免渡河林业局西南侧","牙克石市","121.048987,49.095512","内蒙古自治区","呼伦贝尔市","","amap_place_text"
"B0FFL6AWTU","库都尔林业局","林海家电商场","购物服务;家电电子卖场;家电电子卖场","库都尔森林公安局西侧160米","牙克石市","121.616772,50.028842","内蒙古自治区","呼伦贝尔市","13154703866","amap_place_text"
"B0FFLB1DUB","海拉尔林业局","呼伦贝尔市森林公安局","政府机构及社会团体;公检法机构;公检法机关","天骄大街与成吉思汗南路交叉口东260米","海拉尔区","119.785690,49.164090","内蒙古自治区","呼伦贝尔市","","amap_place_text"
"B0FFLB7AQO","大杨树林业局","大杨树林业局卧罗河林场卧罗河村综合管护站","政府机构及社会团体;政府机关;乡镇以下级政府及事业单位","人社部业务服务窗口(卧罗河村)西侧150米","鄂伦春自治旗","124.074502,49.312084","内蒙古自治区","呼伦贝尔市","","amap_place_text"
"B0FFLBL95M","甘河林场","甘河农场民心小区","商务住宅;商务住宅相关;商务住宅相关","甘河农场","莫力达瓦达斡尔族自治旗","124.632436,49.378373","内蒙古自治区","呼伦贝尔市","","amap_place_text"
"B0FFLCLAO2","加格达奇林业局","加格达奇森林资源管理分局","政府机构及社会团体;政府机关;区县级政府及事业单位","晨光大街与光明东路交叉口北240米","加格达奇区","124.130748,50.416757","黑龙江省","大兴安岭地区","","amap_place_text"
"B0FFLD5MKI","库都尔林业局","同致药店(X302店)","医疗保健服务;医药保健销售店;药房","库都尔森林公安局西北侧50米","牙克石市","121.618562,50.028972","内蒙古自治区","呼伦贝尔市","","amap_place_text"
"B0FFLDGQ27","大杨树林业局","鑫亿民粮油店","购物服务;综合市场;农副产品市场","大杨树林业局园丁小区东南侧160米","鄂伦春自治旗","124.624142,49.732220","内蒙古自治区","呼伦贝尔市","13847084745","amap_place_text"
"B0FFLIDQVL","牙克石林业局","中共巴林林业和草原局委员会","政府机构及社会团体;政府机关;政府机关相关","232国道与311县道交叉口西南480米","牙克石市","122.330970,48.315159","内蒙古自治区","呼伦贝尔市","","amap_place_text"
"B0FFM14KDY","海拉尔林业局","呼伦贝尔市林业和草原局","政府机构及社会团体;政府机关;地市级政府及事业单位","天骄大街与001乡道交叉口北100米","海拉尔区","119.785126,49.163983","内蒙古自治区","呼伦贝尔市","","amap_place_text"
"B0FFM1TS0I","根河林业局","根河市金河镇林业和草原局","政府机构及社会团体;政府机关;政府机关相关","金河镇","根河市","121.505711,51.332672","内蒙古自治区","呼伦贝尔市","","amap_place_text"
"B0FFM4QTVH","根河林业局","阿龙山林业局","政府机构及社会团体;政府机关;乡镇级政府及事业单位","324县道附近","根河市","121.869988,51.690669","内蒙古自治区","呼伦贝尔市","","amap_place_text"
"B0FFM9WNO7","伊图里河林业局","林业局工会","政府机构及社会团体;社会团体;社会团体相关","内蒙古农村信用社伊图里河信用社西侧170米","牙克石市","121.584174,50.648669","内蒙古自治区","呼伦贝尔市","","amap_place_text"
"B0FFMA1JRR","根河林业局","满归林业局北岸林场办事处","政府机构及社会团体;政府机关;政府机关相关","满归镇","根河市","122.074399,52.044022","内蒙古自治区","呼伦贝尔市","","amap_place_text"
"B0FFMA50IB","乌尔旗汉林业局","乌尔旗汉森林公安局第一派出所","政府机构及社会团体;公检法机构;公安警察","乌尔旗汗镇惠民小区西侧","牙克石市","121.404542,49.585665","内蒙古自治区","呼伦贝尔市","","amap_place_text"
"B0FFMBWUPV","牙克石林场","新帐房林场","公司企业;农林牧渔基地;其它农林牧渔基地","库都尔森林公安局新帐房派出所","牙克石市","121.820987,50.140740","内蒙古自治区","呼伦贝尔市","","amap_place_text"
"B0FFMDQ3NR","甘河林业局","甘河林业局森调队","政府机构及社会团体;政府机关;政府机关相关","苗木中心东北侧60米","鄂伦春自治旗","123.030048,50.631837","内蒙古自治区","呼伦贝尔市","","amap_place_text"
"B0FFMHJ5G3","加格达奇林业局","大兴安岭地区加格达奇区粮食和物资储备局","政府机构及社会团体;政府机关;政府机关相关","人民路45号大兴安岭行署林业集团公司七号办公楼","加格达奇区","124.135654,50.422317","黑龙江省","大兴安岭地区","","amap_place_text"
"B0G0DA6S3L","牙克石林业局","内蒙古绰尔林业局","政府机构及社会团体;政府机关;政府机关相关","","牙克石市","121.202982,47.980987","内蒙古自治区","呼伦贝尔市","","amap_place_text"
"B0G0FLB0VI","大杨树林场","大杨树社区卫生服务中心","医疗保健服务;综合医院;卫生院","甘奎路与庆丰满路交叉口东南120米","鄂伦春自治旗","124.624056,49.741541","内蒙古自治区","呼伦贝尔市","","amap_place_text"
"B0G0SC118M","大杨树林场","大杨树森林消防大队","政府机构及社会团体;公检法机构;消防机关","中国石油加油站东侧280米","鄂伦春自治旗","124.620767,49.730331","内蒙古自治区","呼伦贝尔市","","amap_place_text"
"B0G0SC118M","大杨树林业局","大杨树森林消防大队","政府机构及社会团体;公检法机构;消防机关","中国石油加油站东侧280米","鄂伦春自治旗","124.620767,49.730331","内蒙古自治区","呼伦贝尔市","","amap_place_text"
"B0G0VHKGW1","克一河林业局","家电修理","生活服务;维修站点;维修站点","克一河林业局西南侧220米","鄂伦春自治旗","122.494794,50.648712","内蒙古自治区","呼伦贝尔市","13847098339","amap_place_text"
"B0G0VHLX74","乌尔旗汉林业局","乌尔旗汉林业工会","政府机构及社会团体;社会团体;社会团体相关","小海摩托修理部北侧290米","牙克石市","121.391997,49.579051","内蒙古自治区","呼伦贝尔市","","amap_place_text"
"B0G27AD8RQ","免渡河林业局","宇凯副食商店","购物服务;便民商店/便利店;便民商店/便利店","免渡河林业局西南侧70米","牙克石市","121.048662,49.095324","内蒙古自治区","呼伦贝尔市","","amap_place_text"
"B0G2GDN9CI","免渡河林业局","轩也羊蝎骨火锅","餐饮服务;中餐厅;火锅店","免渡河林业局东侧80米","牙克石市","121.050574,49.095609","内蒙古自治区","呼伦贝尔市","","amap_place_text"
"B0G2TU68Y6","根河林业局","根河林业局","政府机构及社会团体;政府机关;区县级政府及事业单位","中央路与满归街交叉口西北60米","根河市","121.538954,50.781648","内蒙古自治区","呼伦贝尔市","","amap_place_text"
"B0G2YYQ3Z4","大杨树林业局","绿安超市(多布库尔街店)","购物服务;便民商店/便利店;便民商店/便利店","大杨树林业局园丁小区东侧约200米","鄂伦春自治旗","124.600337,49.746096","内蒙古自治区","呼伦贝尔市","","amap_place_text"
"B0G30PH1IY","甘河林业局","鑫源内衣生活馆","购物服务;服装鞋帽皮具店;服装鞋帽皮具店","甘河镇甘河林业局","鄂伦春自治旗","123.051426,50.630881","内蒙古自治区","呼伦贝尔市","13134917377","amap_place_text"
"B0G3JR83GT","甘河林业局","东金五金商店","购物服务;家居建材市场;建材五金市场","甘河镇甘河林业局","鄂伦春自治旗","123.048776,50.631041","内蒙古自治区","呼伦贝尔市","","amap_place_text"
"B0G3JU65F6","伊图里河林业局","淑清吉祥蔬菜水果商店","购物服务;专卖店;专营店","伊图里河林业局西侧80米","牙克石市","121.589240,50.649154","内蒙古自治区","呼伦贝尔市","","amap_place_text"
"B0G3JU7KN8","伊图里河林业局","伊乡源酒店","住宿服务;宾馆酒店;宾馆酒店","伊图里河林业局西北侧110米","牙克石市","121.589073,50.650231","内蒙古自治区","呼伦贝尔市","","amap_place_text"
"B0G3JU7Z2I","伊图里河林业局","国家电网","生活服务;电力营业厅;电力营业厅","伊图里河林业局西侧80米","牙克石市","121.589147,50.649779","内蒙古自治区","呼伦贝尔市","","amap_place_text"
"B0GD3A3IRB","甘河林业局","甘河林业局物资供应处","政府机构及社会团体;政府及社会团体相关;政府及社会团体相关","","鄂伦春自治旗","123.075097,50.633840","内蒙古自治区","呼伦贝尔市","","amap_place_text"
"B0GKFNN1VY","免渡河林业局","娜仁工艺品商店","购物服务;便民商店/便利店;便民商店/便利店","免渡河林业局西侧160米","牙克石市","121.047244,49.095846","内蒙古自治区","呼伦贝尔市","","amap_place_text"
"B0GKHC1FQR","免渡河林业局","晟华园经典菜馆","餐饮服务;中餐厅;中餐厅","免渡河林业局东侧80米","牙克石市","121.050652,49.095521","内蒙古自治区","呼伦贝尔市","15547084986","amap_place_text"
"B0GKXLGZOD","库都尔林业局","四季香约火锅","餐饮服务;中餐厅;火锅店","库都尔林业局西南侧110米","牙克石市","121.619540,50.028706","内蒙古自治区","呼伦贝尔市","13904705008","amap_place_text"
"B0GKYPEY21","免渡河林业局","潮衣裤服装批发城(中兴商业街店)","购物服务;服装鞋帽皮具店;服装鞋帽皮具店","免渡河林业局西侧170米","牙克石市","121.047080,49.096008","内蒙古自治区","呼伦贝尔市","","amap_place_text"
"B0GRNH78AF","乌尔旗汉林业局","源章商店","购物服务;便民商店/便利店;便民商店/便利店","乌尔旗汉林业工会东侧60米","牙克石市","121.392808,49.578739","内蒙古自治区","呼伦贝尔市","","amap_place_text"
"B0GUOL5JVH","加格达奇林场","加格达奇林业局(跃进经营林场)","政府机构及社会团体;政府机关;政府机关相关","西兴苑小区北410米","加格达奇区","124.078901,50.425426","黑龙江省","大兴安岭地区","","amap_place_text"
"B0GUOL5JVH","加格达奇林业局","加格达奇林业局(跃进经营林场)","政府机构及社会团体;政府机关;政府机关相关","西兴苑小区北410米","加格达奇区","124.078901,50.425426","黑龙江省","大兴安岭地区","","amap_place_text"
"B0H3J604A5","大杨树林业局","嘛哩嘛哩酸菜鱼(大杨树店)","餐饮服务;中餐厅;中餐厅","大杨树林业局派出所东侧","鄂伦春自治旗","124.623772,49.737044","内蒙古自治区","呼伦贝尔市","13134935111;15540071760","amap_place_text"
"B0H64ZHXZQ","吉文林业局","中共吉文林业局森防站支部委员会","政府机构及社会团体;政府机关;乡镇级政府及事业单位","","鄂伦春自治旗","123.183986,50.579623","内蒙古自治区","呼伦贝尔市","","amap_place_text"
"B0H6CMW4TS","克一河林业局","克一河新悦来食品商店","购物服务;便民商店/便利店;便民商店/便利店","克一河林业局老楼三号楼下","鄂伦春自治旗","122.495225,50.649175","内蒙古自治区","呼伦贝尔市","15847035232","amap_place_text"
"B0H6PMM12W","吉文林业局","内蒙古吉文林业局森防站","政府机构及社会团体;政府机关;乡镇级政府及事业单位","吉文镇","鄂伦春自治旗","123.183862,50.579725","内蒙古自治区","呼伦贝尔市","","amap_place_text"
"B0HBTU37FJ","阿里河林场","阿里河站停车场","交通设施服务;停车场;公共停车场","中央路与向阳街交叉口南80米","鄂伦春自治旗","123.730329,50.580544","内蒙古自治区","呼伦贝尔市","","amap_place_text"
"B0HG0SXTQ8","免渡河林业局","中国福利彩票(中华路三道街店)","生活服务;彩票彩券销售点;彩票彩券销售点","免渡河林业局西侧170米","牙克石市","121.047056,49.095592","内蒙古自治区","呼伦贝尔市","","amap_place_text"
"B0HK1S4PN9","甘河林业局","甘源管护所","政府机构及社会团体;政府及社会团体相关;政府及社会团体相关","甘河林业公路管理处","鄂伦春自治旗","123.075807,50.635398","内蒙古自治区","呼伦贝尔市","","amap_place_text"
"B0HKKSK5RL","免渡河林业局","包氏砂锅馅饼(中兴商业街店)","餐饮服务;快餐厅;快餐厅","免渡河林业局东北侧50米","牙克石市","121.050032,49.095981","内蒙古自治区","呼伦贝尔市","","amap_place_text"
"B0HR5G8RYC","加格达奇林业局","加格达奇区林业和草原局","政府机构及社会团体;政府机关;政府机关相关","","加格达奇区","124.125159,50.423776","黑龙江省","大兴安岭地区","","amap_place_text"
"B0HRD7YK3F","甘河林场","甘河","地名地址信息;自然地名;河流","鄂伦春自治旗","鄂伦春自治旗","124.318088,49.924873","内蒙古自治区","呼伦贝尔市","","amap_place_text"
"B0HRLR33SD","根河林业局","金河林业局电讯管理处","政府机构及社会团体;政府机关;政府机关相关","204省道与302省道交叉口东480米","根河市","121.504540,51.334034","内蒙古自治区","呼伦贝尔市","","amap_place_text"
"B0I0BRCMNK","阿里河林场","阿里河","地名地址信息;自然地名;河流","鄂伦春自治旗","鄂伦春自治旗","123.632597,50.755260","内蒙古自治区","呼伦贝尔市","","amap_place_text"
"B0I0BRFWI7","阿里河林场","阿里河","地名地址信息;自然地名;河流","鄂伦春自治旗","鄂伦春自治旗","123.481613,50.823398","内蒙古自治区","呼伦贝尔市","","amap_place_text"
"B0I0UR5RCD","阿里河林场","阿里河","地名地址信息;自然地名;河流","鄂伦春自治旗","鄂伦春自治旗","123.498427,51.049206","内蒙古自治区","呼伦贝尔市","","amap_place_text"
"B0I0UR89D7","阿里河林场","阿里河","地名地址信息;自然地名;河流","鄂伦春自治旗","鄂伦春自治旗","123.503299,50.931176","内蒙古自治区","呼伦贝尔市","","amap_place_text"
"B0I0UR93PM","阿里河林场","阿里河","地名地址信息;自然地名;河流","鄂伦春自治旗","鄂伦春自治旗","123.524822,51.015537","内蒙古自治区","呼伦贝尔市","","amap_place_text"
"B0I0UR93PZ","阿里河林场","阿里河","地名地址信息;自然地名;河流","鄂伦春自治旗","鄂伦春自治旗","123.528336,50.977108","内蒙古自治区","呼伦贝尔市","","amap_place_text"
"B0I33RYU0K","伊图里河林业局","伊图里河宾馆","住宿服务;住宿服务相关;住宿服务相关","伊图里河镇","牙克石市","121.591475,50.648842","内蒙古自治区","呼伦贝尔市","0470-7699899","amap_place_text"
"B0IA3ST0U9","阿里河林场","阿里河路","地名地址信息;交通地名;道路名","海拉尔区","海拉尔区","119.767440,49.217313","内蒙古自治区","呼伦贝尔市","","amap_place_text"
"B0IA97R33M","甘河林业局","甘河林业局奇力滨管护所","政府机构及社会团体;政府及社会团体相关;政府及社会团体相关","甘河镇","鄂伦春自治旗","123.058534,50.633858","内蒙古自治区","呼伦贝尔市","","amap_place_text"
"B0IK5SNQH0","牙克石林业局","牙克石林业和草原局","政府机构及社会团体;政府机关;乡镇级政府及事业单位","湖滨北路25号","牙克石市","120.699185,49.287681","内蒙古自治区","呼伦贝尔市","","amap_place_text"
"B0J2Z629SA","大杨树林业局","大杨树林业局鑫港海鲜","餐饮服务;中餐厅;海鲜酒楼","大杨树镇林业局四号商住楼28号一带二层","鄂伦春自治旗","124.624621,49.737502","内蒙古自治区","呼伦贝尔市","","amap_place_text"
"B0J6PR7HYF","阿里河林场","阿里河","地名地址信息;自然地名;河流","鄂伦春自治旗","鄂伦春自治旗","123.671610,50.714968","内蒙古自治区","呼伦贝尔市","","amap_place_text"
"B0JB17HD1D","甘河林业局","甘河森林工业有限公司库西林场","公司企业;农林牧渔基地;其它农林牧渔基地","甘河镇人民政府西南侧60米","鄂伦春自治旗","123.041403,50.631470","内蒙古自治区","呼伦贝尔市","","amap_place_text"
"B0JB17HD22","大杨树林场","大杨树林业有限责任公司朝阳林场","公司企业;农林牧渔基地;其它农林牧渔基地","乌鲁布铁镇扎兰河农场","鄂伦春自治旗","124.292370,49.878089","内蒙古自治区","呼伦贝尔市","0470-5720452","amap_place_text"
"B0JB17HD22","大杨树林业局","大杨树林业有限责任公司朝阳林场","公司企业;农林牧渔基地;其它农林牧渔基地","乌鲁布铁镇扎兰河农场","鄂伦春自治旗","124.292370,49.878089","内蒙古自治区","呼伦贝尔市","0470-5720452","amap_place_text"
"B0JBM756EM","大杨树林业局","瑞丰液化气有限责任公司","公司企业;公司;公司|生活服务;生活服务场所;生活服务场所","大杨树镇林业局工程处坝北侧","鄂伦春自治旗","124.609692,49.720422","内蒙古自治区","呼伦贝尔市","0470-5724437","amap_place_text"
"B0JBP9840V","甘河林业局","甘河森林公安局中心派出所","政府机构及社会团体;公检法机构;公安警察","老兵饭庄东南侧210米","鄂伦春自治旗","123.056739,50.631363","内蒙古自治区","呼伦贝尔市","","amap_place_text"
"B0JG1SANFT","大杨树林场","大杨树林场卫生室","医疗保健服务;诊所;诊所","大杨树林场文化活动室西侧","鄂伦春自治旗","124.655306,49.730299","内蒙古自治区","呼伦贝尔市","","amap_place_text"
"B0JG1SF2KR","大杨树林场","大杨树林场文化活动室","科教文化服务;文化宫;文化宫","林场卫生室东侧","鄂伦春自治旗","124.655432,49.730294","内蒙古自治区","呼伦贝尔市","","amap_place_text"
"B0JG1SF2KS","阿里河林业局","内蒙古大兴安岭森林公安局阿里河分局第二派出所","政府机构及社会团体;公检法机构;公安警察","191县道","鄂伦春自治旗","123.906695,50.525685","内蒙古自治区","呼伦贝尔市","","amap_place_text"
"B0JG1ZEVIJ","大杨树林业局","哎约海鲜烧烤一角串","餐饮服务;中餐厅;中餐厅","能源路与多布库尔街交叉口东南200米","鄂伦春自治旗","124.625317,49.737581","内蒙古自治区","呼伦贝尔市","","amap_place_text"
"B0JG1ZFHQN","大杨树林场","大杨树林场","公司企业;农林牧渔基地;其它农林牧渔基地","升华公司西侧120米","鄂伦春自治旗","124.650703,49.730546","内蒙古自治区","呼伦贝尔市","","amap_place_text"
"B0JG1ZGIHV","阿里河林业局","内蒙古大兴安岭森林公安局阿里河分局第一派出所","政府机构及社会团体;公检法机构;公安警察","广场路一巷8号","鄂伦春自治旗","123.709516,50.598801","内蒙古自治区","呼伦贝尔市","","amap_place_text"
"B0JGNDTQHH","甘河林业局","林泰物业锅炉房","生活服务;生活服务场所;生活服务场所","甘河林业局奇力滨管护所北侧200米","鄂伦春自治旗","123.058069,50.635716","内蒙古自治区","呼伦贝尔市","","amap_place_text"
"B0JGNDUSIX","克一河林业局","克一河林业局森调大队","政府机构及社会团体;政府机关;乡镇级政府及事业单位","克一河镇中央街大桥东南侧","鄂伦春自治旗","122.504819,50.651841","内蒙古自治区","呼伦贝尔市","","amap_place_text"
"B0JGNHQYWC","大杨树林业局","内蒙古大兴安岭森林公安局大杨树分局宜里派出所","政府机构及社会团体;公检法机构;公安警察","宜升街","鄂伦春自治旗","124.239739,49.553510","内蒙古自治区","呼伦贝尔市","","amap_place_text"
"B0JGNSSVXR","克一河林业局","林泰物业克一河分公司","公司企业;公司;公司","中央街362号","鄂伦春自治旗","122.497274,50.651139","内蒙古自治区","呼伦贝尔市","","amap_place_text"
"B0JGNSUSEI","甘河林业局","甘河森林工业有限公司源江林场","公司企业;农林牧渔基地;其它农林牧渔基地","中共甘河森工公司贮木场总支委员会北侧210米","鄂伦春自治旗","123.065999,50.634322","内蒙古自治区","呼伦贝尔市","","amap_place_text"
"B0JGNSV7MN","甘河林业局","甘河森林公安局第一派出所","政府机构及社会团体;公检法机构;公安警察","中共甘河森工公司贮木场总支委员会北侧190米","鄂伦春自治旗","123.066863,50.634197","内蒙古自治区","呼伦贝尔市","","amap_place_text"
"B0JGNSVF27","甘河林业局","甘河森林工业有限公司乌里依特林场","公司企业;农林牧渔基地;其它农林牧渔基地","中共甘河森工公司贮木场总支委员会西北侧200米","鄂伦春自治旗","123.065791,50.634188","内蒙古自治区","呼伦贝尔市","","amap_place_text"
"B0JGNSVMPL","克一河林业局","星期八酒行","购物服务;专卖店;烟酒专卖店","克一河林业局西侧130米","鄂伦春自治旗","122.494280,50.650107","内蒙古自治区","呼伦贝尔市","","amap_place_text"
"B0JGNSVU8H","甘河林业局","甘河森林工业有限公司森林消防专业扑火队","政府机构及社会团体;公检法机构;消防机关","吉祥旅店车库东侧190米","鄂伦春自治旗","123.059767,50.631690","内蒙古自治区","呼伦贝尔市","","amap_place_text"
"B0JGNSWEM5","甘河林业局","甘河森林公路养护中心","公司企业;公司;公司","运材路","鄂伦春自治旗","123.091895,50.644593","内蒙古自治区","呼伦贝尔市","","amap_place_text"
"B0JGTCYIWJ","甘河林业局","甘河林业局离退休职工管理处","政府机构及社会团体;政府机关;区县级政府及事业单位","甘河林业医院西侧100米","鄂伦春自治旗","123.040884,50.631949","内蒙古自治区","呼伦贝尔市","","amap_place_text"
"B0JGX7BD25","大杨树林场","内蒙古大杨树粮库有限责任公司","公司企业;公司;公司","大杨树镇","鄂伦春自治旗","124.631503,49.754358","内蒙古自治区","呼伦贝尔市","0470-5716577","amap_place_text"
"B0JKGH6G0Q","加格达奇林场","大兴安岭林业集团加格达奇林业局翠峰林场翠古0公里检查站工会户外劳动者服务站点","生活服务;生活服务场所;生活服务场所","加漠公路","鄂伦春自治旗","124.289345,50.614391","内蒙古自治区","呼伦贝尔市","13846562300","amap_place_text"
"B0JKYZVP0I","克一河林业局","工会驿站(克一河林业局66综合管护站工会户外劳动者服务站点)","生活服务;生活服务场所;生活服务场所","克一河镇克一河林业局综合管护站","鄂伦春自治旗","122.397456,50.644060","内蒙古自治区","呼伦贝尔市","15947740915","amap_place_text"
"B0JRBRYJXC","牙克石林场","玉镇山林场","公司企业;农林牧渔基地;其它农林牧渔基地","204省道东北30米","牙克石市","121.219159,48.609379","内蒙古自治区","呼伦贝尔市","","amap_place_text"
"B0K13H0WGC","甘河林场","国营甘河农场","公司企业;农林牧渔基地;其它农林牧渔基地","兴农村村民委员会东北侧","莫力达瓦达斡尔族自治旗","124.664578,49.351630","内蒙古自治区","呼伦贝尔市","","amap_place_text"
"B0KDFX9NPL","免渡河林业局","利洁干洗店","生活服务;洗衣店;洗衣店","免渡河林业局北侧80米","牙克石市","121.049360,49.096467","内蒙古自治区","呼伦贝尔市","","amap_place_text"
"B0KRKD7TVL","甘河林业局","肖家面馆","餐饮服务;中餐厅;中餐厅","甘河林业局东侧170米","鄂伦春自治旗","123.052996,50.632454","内蒙古自治区","呼伦贝尔市","","amap_place_text"
"B0KRLG56E5","甘河林场","国营甘河农场","公司企业;农林牧渔基地;其它农林牧渔基地","腾克镇G111(京加线)","莫力达瓦达斡尔族自治旗","124.658580,49.221416","内蒙古自治区","呼伦贝尔市","","amap_place_text"
"B0KRN4CARA","大杨树林场","大杨树农贸市场","购物服务;综合市场;农副产品市场","甘奎路与中心街交叉口东北160米","鄂伦春自治旗","124.616073,49.745880","内蒙古自治区","呼伦贝尔市","","amap_place_text"
"B0L047Y02R","免渡河林业局","供销为民超市","购物服务;超级市场;超市","免渡河林业局北侧60米","牙克石市","121.049655,49.096324","内蒙古自治区","呼伦贝尔市","","amap_place_text"
"B0L0C7Z69T","甘河林场","甘河农场","公司企业;农林牧渔基地;其它农林牧渔基地","","莫力达瓦达斡尔族自治旗","124.383075,49.352125","内蒙古自治区","呼伦贝尔市","","amap_place_text"
"B0L0O9J1R3","甘河林业局","甘河林业局信息中心","政府机构及社会团体;政府机关;政府机关相关","中央街16号","鄂伦春自治旗","123.049197,50.632765","内蒙古自治区","呼伦贝尔市","","amap_place_text"
"B0L0UZVE82","阿里河林场","阿里河铁道南派出所","政府机构及社会团体;公检法机构;公安警察","阿里河镇","鄂伦春自治旗","123.725614,50.584377","内蒙古自治区","呼伦贝尔市","","amap_place_text"
"B0L0Z7F71W","加格达奇林业局","加格达奇林业局森林消防一大队","政府机构及社会团体;公检法机构;消防机关","工业园区0公里","加格达奇区","124.179145,50.421513","黑龙江省","大兴安岭地区","","amap_place_text"
"B0L12ZTPS4","免渡河林业局","壹元油饼家常菜","餐饮服务;中餐厅;中餐厅","免渡河林业局东侧90米","牙克石市","121.050675,49.095575","内蒙古自治区","呼伦贝尔市","","amap_place_text"
"B0L1ZCNP27","阿里河林业局","阿里河国家森林公园景区餐厅","餐饮服务;中餐厅;中餐厅","","鄂伦春自治旗","123.437099,50.345535","内蒙古自治区","呼伦贝尔市","","amap_place_text"
"B0L3ACVAEH","阿里河林业局","东奇百货商店","购物服务;购物相关场所;购物相关场所","阿里河林业局北侧180米","鄂伦春自治旗","123.723967,50.601507","内蒙古自治区","呼伦贝尔市","","amap_place_text"
"B0L3ASTP3U","甘河林场","国营甘河农场","公司企业;农林牧渔基地;其它农林牧渔基地","","莫力达瓦达斡尔族自治旗","124.690425,49.320625","内蒙古自治区","呼伦贝尔市","","amap_place_text"
"B0L3JLFFUS","加格达奇林场","东风林场","公司企业;农林牧渔基地;其它农林牧渔基地","Z001南30米","加格达奇区","124.119799,50.355625","黑龙江省","大兴安岭地区","","amap_place_text"
"B0L67D1QEX","图里河林业局","伊图里河林业局","政府机构及社会团体;政府机关;乡镇级政府及事业单位","伊图里河镇","牙克石市","121.553626,50.651440","内蒙古自治区","呼伦贝尔市","","amap_place_text"
"B0L67D1QEX","牙克石林业局","伊图里河林业局","政府机构及社会团体;政府机关;乡镇级政府及事业单位","伊图里河镇","牙克石市","121.553626,50.651440","内蒙古自治区","呼伦贝尔市","","amap_place_text"
"B0L67D1QEX","伊图里河林业局","伊图里河林业局","政府机构及社会团体;政府机关;乡镇级政府及事业单位","伊图里河镇","牙克石市","121.553626,50.651440","内蒙古自治区","呼伦贝尔市","","amap_place_text"
"B0L6LZAAEG","阿里河林场","阿里河","地名地址信息;自然地名;河流","鄂伦春自治旗","鄂伦春自治旗","123.652498,50.739491","内蒙古自治区","呼伦贝尔市","","amap_place_text"
"B0LACAKE4B","甘河林场","国营甘河农场","公司企业;农林牧渔基地;其它农林牧渔基地","甘河农场学校东侧ab座","莫力达瓦达斡尔族自治旗","124.640649,49.381567","内蒙古自治区","呼伦贝尔市","0470-2372011","amap_place_text"
"B0LASLWH8G","伊图里河林业局","伊东大商店","购物服务;便民商店/便利店;便民商店/便利店","伊图里河林业局西南侧100米","牙克石市","121.589228,50.648938","内蒙古自治区","呼伦贝尔市","","amap_place_text"
"B0LD3UCT78","免渡河林业局","免渡河林业局红旗林场中心管护站","政府机构及社会团体;政府机关;政府机关相关","","牙克石市","121.796830,49.175404","内蒙古自治区","呼伦贝尔市","","amap_place_text"
"B0LD3UCT78","牙克石林业局","免渡河林业局红旗林场中心管护站","政府机构及社会团体;政府机关;政府机关相关","","牙克石市","121.796830,49.175404","内蒙古自治区","呼伦贝尔市","","amap_place_text"
"B0LDCHTDOR","甘河林场","国营甘河农场","公司企业;农林牧渔基地;其它农林牧渔基地","","莫力达瓦达斡尔族自治旗","124.557775,49.353625","内蒙古自治区","呼伦贝尔市","","amap_place_text"
"B0LDMRF0MK","大杨树林业局","大杨树林业局库莫林场家属区","商务住宅;住宅区;住宅小区","","鄂伦春自治旗","123.993000,49.667000","内蒙古自治区","呼伦贝尔市","","amap_place_text"
"B0LDS4VN9K","免渡河林业局","免渡河林业局红旗林场62瞭望塔","风景名胜;风景名胜;风景名胜","","牙克石市","121.746433,49.143271","内蒙古自治区","呼伦贝尔市","","amap_place_text"
"B0LDS4VN9K","牙克石林场","免渡河林业局红旗林场62瞭望塔","风景名胜;风景名胜;风景名胜","","牙克石市","121.746433,49.143271","内蒙古自治区","呼伦贝尔市","","amap_place_text"
"B0LGZ5S4Z0","伊图里河林业局","中铁三局滨洲铁路项目部","公司企业;公司;公司","伊图里河林业局温河生态功能区管理处西侧120米","牙克石市","121.918475,48.756375","内蒙古自治区","呼伦贝尔市","","amap_place_text"
"B0LK078U5X","库都尔林业局","库都尔镇中心卫生院","医疗保健服务;综合医院;卫生院","库都尔森林公安局西侧60米","牙克石市","121.618075,50.028525","内蒙古自治区","呼伦贝尔市","","amap_place_text"
"B0LKPUZJH9","甘河林场","国营甘河农场","公司企业;农林牧渔基地;其它农林牧渔基地","","莫力达瓦达斡尔族自治旗","124.698725,49.300875","内蒙古自治区","呼伦贝尔市","","amap_place_text"
"B0LKZPE0XA","大杨树林业局","内蒙古大杨树林业局停车场","交通设施服务;停车场;公共停车场","能源路与多布库尔街交叉口东南240米","鄂伦春自治旗","124.625825,49.737225","内蒙古自治区","呼伦贝尔市","","amap_place_text"
"B0LR4HPXXK","图里河林业局","图里河育林农场","公司企业;农林牧渔基地;其它农林牧渔基地","图里河林业哈达防火外站","牙克石市","121.072802,50.377006","内蒙古自治区","呼伦贝尔市","13904707657","amap_place_text"
"B0LRZK10BY","甘河林场","国营甘河农场","公司企业;农林牧渔基地;其它农林牧渔基地","","莫力达瓦达斡尔族自治旗","124.727125,49.307675","内蒙古自治区","呼伦贝尔市","","amap_place_text"
"B0LU96A97Y","牙克石林场","牙克石市建设街道林场","公司企业;农林牧渔基地;其它农林牧渔基地","闲庭雅苑养殖园东侧70米","牙克石市","120.692475,49.323075","内蒙古自治区","呼伦贝尔市","","amap_place_text"
"B0LU974O00","加格达奇林业局","黑龙江加格达奇国家森林公园","风景名胜;公园广场;公园","Z001","加格达奇区","124.121681,50.318014","黑龙江省","大兴安岭地区","","amap_place_text"
"B0LUCZX131","牙克石林场","牙克石林场花海小院","体育休闲服务;体育休闲服务场所;体育休闲服务场所","牙克石市林场","牙克石市","120.796282,49.279303","内蒙古自治区","呼伦贝尔市","0470-7228000","amap_place_text"
"B0M63C8ZIN","大杨树林场","大杨树林业有限责任公司","公司企业;公司;公司","能源路与多布库尔街交叉口东南260米","鄂伦春自治旗","124.626025,49.737225","内蒙古自治区","呼伦贝尔市","","amap_place_text"
"B0M63C8ZIN","大杨树林业局","大杨树林业有限责任公司","公司企业;公司;公司","能源路与多布库尔街交叉口东南260米","鄂伦春自治旗","124.626025,49.737225","内蒙古自治区","呼伦贝尔市","","amap_place_text"
"B0M69DAUAX","大杨树林场","大杨树农贸市场","购物服务;购物相关场所;购物相关场所","甘奎街与繁荣路交叉口北20米","鄂伦春自治旗","124.607723,49.747052","内蒙古自治区","呼伦贝尔市","","amap_place_text"
"B0M6B7HJG6","甘河林场","甘河农场","公司企业;农林牧渔基地;其它农林牧渔基地","巴彦农场中央街与兴彦路交叉口东北100米","莫力达瓦达斡尔族自治旗","124.881625,49.522475","内蒙古自治区","呼伦贝尔市","","amap_place_text"
"B0MB2Z0KFI","加格达奇林场","跃进林场","公司企业;农林牧渔基地;其它农林牧渔基地","加格达奇林业局(跃进经营林场)东南侧140米","加格达奇区","124.080119,50.424418","黑龙江省","大兴安岭地区","","amap_place_text"
"B0MB2Z0KFI","加格达奇林业局","跃进林场","公司企业;农林牧渔基地;其它农林牧渔基地","加格达奇林业局(跃进经营林场)东南侧140米","加格达奇区","124.080119,50.424418","黑龙江省","大兴安岭地区","","amap_place_text"
"B0MBB9XHEA","免渡河林业局","多乐士(中华路二道街店)","购物服务;家居建材市场;家居建材市场","免渡河林业局北侧70米","牙克石市","121.049489,49.096370","内蒙古自治区","呼伦贝尔市","","amap_place_text"
"B0MBKKOLJS","大杨树林场","大杨树农贸市场","购物服务;综合市场;农副产品市场","红星街与南环路交叉口东300米","鄂伦春自治旗","124.584475,49.753375","内蒙古自治区","呼伦贝尔市","","amap_place_text"
"B0MBLUTER9","免渡河林业局","劳保百货鞋帽","购物服务;购物相关场所;购物相关场所","免渡河林业局西侧130米","牙克石市","121.047575,49.095625","内蒙古自治区","呼伦贝尔市","","amap_place_text"
"B0MBRGPX7X","根河林业局","阿龙山森林公安局","政府机构及社会团体;公检法机构;公检法机关","根河瑞丰旅店南侧120米","根河市","121.870362,51.692220","内蒙古自治区","呼伦贝尔市","","amap_place_text"
"BY0001JSIX","阿里河林场","阿里河","地名地址信息;自然地名;河流","鄂伦春自治旗","鄂伦春自治旗","123.755348,50.574538","内蒙古自治区","呼伦贝尔市","","amap_place_text"
"BZGJRQ0003","甘河林场","甘河农场收费站(京加线东南向)","道路附属设施;收费站;收费站","莫力达瓦达斡尔族自治旗","莫力达瓦达斡尔族自治旗","124.731541,49.576376","内蒙古自治区","呼伦贝尔市","","amap_place_text"
"BZGJRQ0004","甘河林场","甘河农场收费站(京加线西北向)","道路附属设施;收费站;收费站","莫力达瓦达斡尔族自治旗","莫力达瓦达斡尔族自治旗","124.732164,49.576509","内蒙古自治区","呼伦贝尔市","","amap_place_text"
